/* ~~~~~~~~~~~~~~~~ Breweries ~~~~~~~~~~~~~~~~ */

insert
into Brewery (breweryName, breweryLocation, imgURL)
VALUES ('Barrelhouse', 'Paso Robles, CA', 'http://storage.googleapis.com/americangeneralmedia/cork-dorks/wp-content/uploads/2016/02/19193137/barrel-House.jpg');

insert
into Brewery (breweryName, breweryLocation, imgURL)
VALUES ('Firestone Walker', 'Paso Robles, CA', 'http://www.taptrail.com/wp-content/uploads/2015/07/Firestone_Walker_2.sflb_.ashx_.jpg');

insert
into Brewery (breweryName, breweryLocation, imgURL)
VALUES ('Tap It Brewing Co.', 'San Luis Obispo, CA', 'https://pbs.twimg.com/profile_images/776481581691133952/Nt-GOUWm.jpg');

INSERT Into Brewery (breweryName, breweryLocation, imgURL)
VALUES ('Ballast Point Brewing & Spirits', 'San Diego, CA', 'https://www.ballastpoint.com/wp-content/themes/ballastpoint/_/images/ballast-point-lg.png');

Insert into Brewery (breweryName, breweryLocation, imgURL)
VALUES ('Stone Brewing', 'San Diego, CA', 'http://media.sdreader.com/img/places/Circ_garg_small.jpg');

INSERT INTO Brewery (breweryName, breweryLocation, imgURL)
VALUES ('Lagunitas Brewing Company', 'Petaluma, CA', 'http://images.brewbound.com/Content/3577508.lagunitaslogo.jpg');

INSERT INTO Brewery (breweryName, breweryLocation, imgURL)
VALUES ('Saint Archer Brewing Company', 'San Diego, CA', 'http://www.trbimg.com/img-1472024007/turbine/sdut-saint_archer_1-20160824/837');

insert into Brewery (breweryName, breweryLocation, imgURL)
VALUES ('Tecate', 'Mexico', null);

/* ~~~~~~~~~~~~~~~~ Beer ~~~~~~~~~~~~~~~~ */

/* Barrelhouse */

INSERT INTO Beer (beerName, breweryName, beerABV, beerIBU, imgURL)
VALUES ('Big Sur: Double IPA', 'Barrelhouse', 9.6, 95, 'http://www.holidaywinecellar.com/images/Product/large/37167.jpg');

INSERT INTO Beer (beerName, breweryName, beerABV, beerIBU, imgURL)
VALUES ('Templeton: American Craft Ale', 'Barrelhouse', 4.5, 13, 'https://static1.squarespace.com/static/5547ae67e4b0b68214c99c69/t/5812718329687fe6e876d01a/1477603723696/?format=500w');

INSERT INTO Beer (beerName, breweryName, beerABV, beerIBU, imgURL)
VALUES ('Barrelhouse Blonde', 'Barrelhouse', 5.0, 11, 'https://static1.squarespace.com/static/5547ae67e4b0b68214c99c69/t/57f678feb3db2b59dde1fe02/1475770630759/?format=500w');

INSERT INTO Beer (beerName, breweryName, beerABV, beerIBU, imgURL)
VALUES ('Sunny Daze: Citrus Blonde Ale', 'Barrelhouse', 5.2, 15, 'https://static1.squarespace.com/static/5547ae67e4b0b68214c99c69/t/58d047dda5790a7f205ca8ce/1490044908903/?format=500w');

INSERT INTO Beer (beerName, breweryName, beerABV, beerIBU, imgURL)
VALUES ('Barrelhouse Mango IPA', 'Barrelhouse', 6.2, 45, 'https://static1.squarespace.com/static/5547ae67e4b0b68214c99c69/t/58a34fd08419c238affc0d4f/1487097816234/?format=500w');

INSERT INTO Beer (beerName, breweryName, beerABV, beerIBU, imgURL)
VALUES ('Barrelhouse Rye IPA', 'Barrelhouse', 6.5, 45, 'https://static1.squarespace.com/static/5547ae67e4b0b68214c99c69/t/57f67b6f9f745612767389f8/1475771254474/?format=500w');

INSERT INTO Beer (beerName, breweryName, beerABV, beerIBU, imgURL)
VALUES ('Barrelhouse IPA', 'Barrelhouse', 7.5, 76, 'https://static1.squarespace.com/static/5547ae67e4b0b68214c99c69/t/58a34fe3cd0f68039a60f932/1487097841573/?format=500w');

INSERT INTO Beer (beerName, breweryName, beerABV, beerIBU, imgURL)
VALUES ('Barrelhouse Stout', 'Barrelhouse', 6.0, 14, 'https://static1.squarespace.com/static/5547ae67e4b0b68214c99c69/t/57f6836803596ecbbbe313e0/1475773292808/?format=500w');

INSERT INTO Beer (beerName, breweryName, beerABV, beerIBU, imgURL)
VALUES ('Barrelhouse Juicy IPA', 'Barrelhouse', 6.5, 45, 'https://static1.squarespace.com/static/5547ae67e4b0b68214c99c69/t/58cc229dd482e9541482eee9/1489773222429/?format=500w');

INSERT INTO Beer (beerName, breweryName, beerABV, beerIBU, imgURL)
VALUES ('Night Ryder: Imperial Black Rye IPA', 'Barrelhouse', 8.6, 85, 'https://static1.squarespace.com/static/5547ae67e4b0b68214c99c69/t/581b7955d482e9eb55aa9daf/1478195550820/?format=500w');

INSERT INTO Beer (beerName, breweryName, beerABV, beerIBU, imgURL)
VALUES ('Harvest Ale: Spiced Brown Porter', 'Barrelhouse', 6.8, 22, 'https://static1.squarespace.com/static/5547ae67e4b0b68214c99c69/t/57d308442e69cf342fd82e98/1473448009651/?format=500w');

/* Firestone */

INSERT INTO Beer (beerName, breweryName, beerABV, beerIBU, imgURL)
VALUES ('805 Blonde Ale', 'Firestone Walker', 4.7, 0, 'https://lh6.ggpht.com/iVXdxfjnW2uQlxDumPYc8qLfJmIvhpkRm2cL60ETP3Savug2WkCnI7RloUFM73Af4Iv970cK-4HgE2WVRay1ZtlS2QZV=s750');

INSERT INTO Beer (beerName, breweryName, beerABV, beerIBU, imgURL)
VALUES ('Luponic Distortion 005', 'Firestone Walker', 5.9, 59, 'http://www.firestonebeer.com/images/responsive-image.php?LD001_halfpage.jpg');

Insert into Beer (beerName, breweryName, beerABV, beerIBU, imgURL)
VALUES ('DBA: British Pale Ale', 'Firestone Walker', 5.0, 30, 'http://www.firestonebeer.com/images/catalog/dba_double_barrel_ale.png');

Insert into Beer (beerName, breweryName, beerABV, beerIBU, imgURL)
VALUES ('Pale 31: California Pale Ale', 'Firestone Walker', 4.9, 38, 'http://www.firestonebeer.com/images/catalog/pale_31.png');

Insert into Beer (beerName, breweryName, beerABV, beerIBU, imgURL)
VALUES ('Union Jack: IPA', 'Firestone Walker', 7.0, 70, 'http://www.firestonebeer.com/images/catalog/union_jack.png');

Insert into Beer (beerName, breweryName, beerABV, beerIBU, imgURL)
VALUES ('Easy Jack: Session IPA', 'Firestone Walker', 4.5, 48, 'http://www.firestonebeer.com/images/catalog/easy_jack.png');

Insert into Beer (beerName, breweryName, beerABV, beerIBU, imgURL)
VALUES ('Pivo: Hoppy Pilsner', 'Firestone Walker', 5.3, 40, 'http://www.firestonebeer.com/images/catalog/pivo.png');

Insert into Beer (beerName, breweryName, beerABV, beerIBU, imgURL)
VALUES ('Velvet Merlin: Oatmeal Stout', 'Firestone Walker', 5.5, 27, 'http://www.firestonebeer.com/images/catalog/vm.png');

Insert into Beer (beerName, breweryName, beerABV, beerIBU, imgURL)
VALUES ('Fortem: Imperial IPA', 'Firestone Walker', 8.2, 55, 'http://www.firestonebeer.com/images/catalog/fortem_catalog.png');

Insert into Beer (beerName, breweryName, beerABV, beerIBU, imgURL)
VALUES ('Nitro Merlin', 'Firestone Walker', 5.5, 27, 'http://www.firestonebeer.com/images/catalog/nitromerlinlogo_final.png');

Insert into Beer (beerName, breweryName, beerABV, beerIBU, imgURL)
VALUES ('Nitro DBA', 'Firestone Walker', 5.0, 30, 'http://www.firestonebeer.com/images/catalog/NitroDBA_logo.png');

Insert into Beer (beerName, breweryName, beerABV, beerIBU, imgURL)
VALUES ('Bravo: Brown Ale', 'Firestone Walker', 13.2, 28, 'http://www.firestonebeer.com/images/catalog/bravo12oz.png');

Insert into Beer (beerName, breweryName, beerABV, beerIBU, imgURL)
VALUES ('Parabola: Imperial Stout', 'Firestone Walker', 14.5, 69, 'http://www.firestonebeer.com/images/catalog/parabola12oz.png');

Insert into Beer (beerName, breweryName, beerABV, beerIBU, imgURL)
VALUES ('Stickee Monkee: Quad', 'Firestone Walker', 11.6, 35, 'http://www.firestonebeer.com/images/catalog/stickee.png');

Insert into Beer (beerName, breweryName, beerABV, beerIBU, imgURL)
VALUES ('Helldorado: Blonde Barley Wine Ale', 'Firestone Walker', 11.8, 25, 'http://www.firestonebeer.com/images/catalog/helldorado.png');

Insert into Beer (beerName, breweryName, beerABV, beerIBU, imgURL)
VALUES ('Twenty: Anniversary Ale', 'Firestone Walker', 13, 0, 'http://www.firestonebeer.com/images/catalog/20_catalogfinal.png');

/* Tap It Brewing Co. */

INSERT INTO Beer (beerName, breweryName, beerABV, beerIBU, imgURL)
VALUES ('Tap It IPA', 'Tap It Brewing Co.', 7, 0, 'http://www.tapitbrewing.com/wp-content/uploads/2015/11/TAP12oz_IPA_155x375.png');

INSERT INTO Beer (beerName, breweryName, beerABV, beerIBU, imgURL)
VALUES ('Continuum: German Style Pilsner', 'Tap It Brewing Co.', 5.0, 32.7, 'http://www.tapitbrewing.com/wp-content/uploads/2015/11/TAP12oz_Continuum_500wPint.png');

INSERT INTO Beer (beerName, breweryName, beerABV, beerIBU, imgURL)
VALUES ('Ale Camino: Amber Ale', 'Tap It Brewing Co.', 5.5, 30, 'http://www.tapitbrewing.com/wp-content/uploads/2015/11/TAP12oz_AleCamino_500wPint.png');

INSERT INTO Beer (beerName, breweryName, beerABV, beerIBU, imgURL)
VALUES ('Pale Ale', 'Tap It Brewing Co.', 6.0, 40, 'http://www.tapitbrewing.com/wp-content/uploads/2015/11/TAP12oz_PaleAle_500wPint.png');

INSERT INTO Beer (beerName, breweryName, beerABV, beerIBU, imgURL)
VALUES ('Biere De Table: Belgian Style Table Ale', 'Tap It Brewing Co.', 4.0, 12, 'http://www.tapitbrewing.com/wp-content/uploads/2015/11/TAP12oz_Biere_500wPilsner.png');

INSERT INTO Beer (beerName, breweryName, beerABV, beerIBU, imgURL)
VALUES ('Full Brown Stout: Smoked Oatmeal Stout', 'Tap It Brewing Co.', 5.5, 31, 'http://www.tapitbrewing.com/wp-content/uploads/2015/11/TAP12oz_FullBlownStout_500wPint.png');

INSERT INTO Beer (beerName, breweryName, beerABV, beerIBU, imgURL)
VALUES ('Tropicali Dank: West Coast Tropical IPA', 'Tap It Brewing Co.', 6.8, 60, 'http://www.tapitbrewing.com/wp-content/uploads/2016/03/TAP22oz_TropiCali-Dank_500.png');

INSERT INTO Beer (beerName, breweryName, beerABV, beerIBU, imgURL)
VALUES ('S.N.A.F.U.: Double IPA', 'Tap It Brewing Co.', 11.1, 127, 'http://www.tapitbrewing.com/wp-content/uploads/2015/11/TAP22oz_SNAFU_923wPint.png');

INSERT INTO Beer (beerName, breweryName, beerABV, beerIBU, imgURL)
VALUES ('Rimfire Red: Imperial Red IPA', 'Tap It Brewing Co.', 9.0, 80, 'http://www.tapitbrewing.com/wp-content/uploads/2015/11/TAP22oz_RimfireRed_923wPint.png');

INSERT INTO Beer (beerName, breweryName, beerABV, beerIBU, imgURL)
VALUES ('Three On The Tree: West Coast Triple IPA', 'Tap It Brewing Co.', 11.0, 100, 'http://www.tapitbrewing.com/wp-content/uploads/2016/01/TAP22oz_3ontree_923wPint.png');

INSERT INTO Beer (beerName, breweryName, beerABV, beerIBU, imgURL)
VALUES ('No Soul: Sour Red Ale', 'Tap It Brewing Co.', 8.4, 33, 'http://www.tapitbrewing.com/wp-content/uploads/2016/02/TAP22oz_NoSoul_923wPint.png');

INSERT INTO Beer (beerName, breweryName, beerABV, beerIBU, imgURL)
VALUES ('Citra Sour: Sour IPA', 'Tap It Brewing Co.', 6.5, 58, 'http://www.tapitbrewing.com/wp-content/uploads/2016/07/TAP22oz_CitraSour_923.png');

INSERT INTO Beer (beerName, breweryName, beerABV, beerIBU, imgURL)
VALUES ('Wheat Vine: Chardonnay Barrelaged Ale', 'Tap It Brewing Co.', 9.4, 68, 'http://www.tapitbrewing.com/wp-content/uploads/2016/09/TAP22oz_WheatVine_923.png');

INSERT INTO Beer (beerName, breweryName, beerABV, beerIBU, imgURL)
VALUES ('Big Ol Amarillo: IPA', 'Tap It Brewing Co.', 7.5, 89, 'http://www.tapitbrewing.com/wp-content/uploads/2016/02/Big-Ol-Amarillo-background-1.png');

INSERT INTO Beer (beerName, breweryName, beerABV, beerIBU, imgURL)
VALUES ('Apple Core Gose: Cider Apple Infused Gose', 'Tap It Brewing Co.', 5.0, 14, 'http://www.tapitbrewing.com/wp-content/uploads/2016/04/Apple-Gose-Beer-Page.png');

INSERT INTO Beer (beerName, breweryName, beerABV, beerIBU, imgURL)
VALUES ('Haze Faze: IPA', 'Tap It Brewing Co.', 6.8, 50, 'http://www.tapitbrewing.com/wp-content/uploads/2015/11/HAZE-FAZE-e1489435560372.png');

INSERT INTO Beer (beerName, breweryName, beerABV, beerIBU, imgURL)
VALUES ('Pale N Juicy: Pale Ale', 'Tap It Brewing Co.', 5.3, 30, 'http://www.tapitbrewing.com/wp-content/uploads/2017/03/Pale-N-Juicy-Tap-Handle-e1489443344900.png');

/* Ballast Point Brewing & Spirits */

INSERT INTO Beer (beerName, breweryName, beerABV, beerIBU, imgURL)
VALUES ('Manta Ray: Double IPA', 'Ballast Point Brewing & Spirits', 8.5, 70, 'https://www.ballastpoint.com/wp-content/uploads/2016/11/02-beers-primary-image-MantaRay.png');

INSERT INTO Beer (beerName, breweryName, beerABV, beerIBU, imgURL)
VALUES ('Bonito: Blonde Ale', 'Ballast Point Brewing & Spirits', 4.5, 20, 'https://www.ballastpoint.com/wp-content/uploads/2016/12/02-beers-primary-image-Bonito.png');

INSERT INTO Beer (beerName, breweryName, beerABV, beerIBU, imgURL)
VALUES ('Sea Rose: Tart Cherry Wheat Ale', 'Ballast Point Brewing & Spirits', 4.0, 8, 'https://www.ballastpoint.com/wp-content/uploads/2016/12/02-beers-primary-image-SeaRose.png');

INSERT INTO Beer (beerName, breweryName, beerABV, beerIBU, imgURL)
VALUES ('Pineapple Sculpin: IPA', 'Ballast Point Brewing & Spirits', 7.0, 70, 'https://www.ballastpoint.com/wp-content/uploads/2016/01/02-beers-primary-image-PA-Sculpin.png');

INSERT INTO Beer (beerName, breweryName, beerABV, beerIBU, imgURL)
VALUES ('Watermelon Dorado: Double IPA', 'Ballast Point Brewing & Spirits', 10.0, 90, 'https://www.ballastpoint.com/wp-content/uploads/2016/01/02-beers-primary-image-WA-Dorado.png');

INSERT INTO Beer (beerName, breweryName, beerABV, beerIBU, imgURL)
VALUES ('Mango Even Keel: Session IPA', 'Ballast Point Brewing & Spirits', 3.8, 40, 'https://www.ballastpoint.com/wp-content/uploads/2016/01/Primary-image-12_Can_MangoEvenKeel.png');

INSERT INTO Beer (beerName, breweryName, beerABV, beerIBU, imgURL)
VALUES ('Sculpin: IPA', 'Ballast Point Brewing & Spirits', 7.0, 70, 'https://www.ballastpoint.com/wp-content/uploads/2013/09/02-beers-primary-image-Sculpin.png');

INSERT INTO Beer (beerName, breweryName, beerABV, beerIBU, imgURL)
VALUES ('Grapefruit Sculpin: IPA', 'Ballast Point Brewing & Spirits', 7.0, 70, 'https://www.ballastpoint.com/wp-content/uploads/2013/10/02-beers-primary-image-GF.png');

INSERT INTO Beer (beerName, breweryName, beerABV, beerIBU, imgURL)
VALUES ('California Kolsch: Pale Ale', 'Ballast Point Brewing & Spirits', 5.2, 23, 'https://www.ballastpoint.com/wp-content/uploads/2013/09/02-beers-primary-image-12s_Cali-Kolsch.png');

INSERT INTO Beer (beerName, breweryName, beerABV, beerIBU, imgURL)
VALUES ('California Amber Ale', 'Ballast Point Brewing & Spirits', 5.5, 51, 'https://www.ballastpoint.com/wp-content/uploads/2013/09/02-beers-primary-image-12s_Cali-Amber.png');

INSERT INTO Beer (beerName, breweryName, beerABV, beerIBU, imgURL)
VALUES ('Habanero Sculpin: IPA', 'Ballast Point Brewing & Spirits', 7.0, 70, 'https://www.ballastpoint.com/wp-content/uploads/2013/10/02-beers-primary-image-H-Sculpin.png');

INSERT INTO Beer (beerName, breweryName, beerABV, beerIBU, imgURL)
VALUES ('The Commodore: American Stout', 'Ballast Point Brewing & Spirits', 6.5, 62, 'https://www.ballastpoint.com/wp-content/uploads/2015/09/02-beers-primary-image-Commodore.png');

INSERT INTO Beer (beerName, breweryName, beerABV, beerIBU, imgURL)
VALUES ('Even Keel: Session IPA', 'Ballast Point Brewing & Spirits', 3.8, 51, 'https://www.ballastpoint.com/wp-content/uploads/2013/10/02-beers-cans_EK-1.png');

INSERT INTO Beer (beerName, breweryName, beerABV, beerIBU, imgURL)
VALUES ('Longfin: Lager', 'Ballast Point Brewing & Spirits', 4.5, 17, 'https://www.ballastpoint.com/wp-content/uploads/2013/09/02-beers-primary-image-Longfin.png');

INSERT INTO Beer (beerName, breweryName, beerABV, beerIBU, imgURL)
VALUES ('Wahoo: White', 'Ballast Point Brewing & Spirits', 4.5, 12, 'https://www.ballastpoint.com/wp-content/uploads/2013/09/02-beers-primary-image-Wahoo.png');

INSERT INTO Beer (beerName, breweryName, beerABV, beerIBU, imgURL)
VALUES ('Grunion: Pale Ale', 'Ballast Point Brewing & Spirits', 5.5, 50, 'https://www.ballastpoint.com/wp-content/uploads/2014/03/02-beers-primary-image-grunion.png');

INSERT INTO Beer (beerName, breweryName, beerABV, beerIBU, imgURL)
VALUES ('Fathom: Indian Pale Lager', 'Ballast Point Brewing & Spirits', 7.0, 70, 'https://www.ballastpoint.com/wp-content/uploads/2013/10/02-beers-primary-image-Fathom.png');

INSERT INTO Beer (beerName, breweryName, beerABV, beerIBU, imgURL)
VALUES ('Big Eye: IPA', 'Ballast Point Brewing & Spirits', 7.0, 84, 'https://www.ballastpoint.com/wp-content/uploads/2013/09/02-beers-primary-image-BE.png');

INSERT INTO Beer (beerName, breweryName, beerABV, beerIBU, imgURL)
VALUES ('Dorado: Double IPA', 'Ballast Point Brewing & Spirits', 10.0, 91, 'https://www.ballastpoint.com/wp-content/uploads/2013/10/02-beers-primary-image-Dorado.png');

INSERT INTO Beer (beerName, breweryName, beerABV, beerIBU, imgURL)
VALUES ('Piper Down: Scottish Ale', 'Ballast Point Brewing & Spirits', 5.8, 22, 'https://www.ballastpoint.com/wp-content/uploads/2013/10/02-beers-primary-image-PiperDown.png');

INSERT INTO Beer (beerName, breweryName, beerABV, beerIBU, imgURL)
VALUES ('Black Marlin: Porter', 'Ballast Point Brewing & Spirits', 6.0, 46, 'https://www.ballastpoint.com/wp-content/uploads/2013/09/02-beers-primary-image-Blk-Marlin.png');

INSERT INTO Beer (beerName, breweryName, beerABV, beerIBU, imgURL)
VALUES ('Indra Kunindra: Curry Export Stout', 'Ballast Point Brewing & Spirits', 7.0, 50, 'https://www.ballastpoint.com/wp-content/uploads/2013/10/02-beers-primary-image-Indra.png');

/* Stone Brewing */

INSERT INTO Beer (beerName, breweryName, beerABV, beerIBU, imgURL)
VALUES ('Stone IPA', 'Stone Brewing', 6.9, 71, 'http://www.stonebrewing.com/sites/default/files/beer/menu/ipa_bottle_11.png');

INSERT INTO Beer (beerName, breweryName, beerABV, beerIBU, imgURL)
VALUES ('Stone Delicious IPA', 'Stone Brewing', 7.7, 75, 'http://www.stonebrewing.com/sites/default/files/beer/menu/delicious_bottle.png');

INSERT INTO Beer (beerName, breweryName, beerABV, beerIBU, imgURL)
VALUES ('Stone Ruination: Double IPA', 'Stone Brewing', 8.5, 100, 'http://www.stonebrewing.com/sites/default/files/beer/menu/rui_bottle.png');

INSERT INTO Beer (beerName, breweryName, beerABV, beerIBU, imgURL)
VALUES ('Stone Tangerine Express IPA', 'Stone Brewing', 6.7, 75, 'http://www.stonebrewing.com/sites/default/files/beer/menu/tanx_bottle.png');

INSERT INTO Beer (beerName, breweryName, beerABV, beerIBU, imgURL)
VALUES ('Stone To Go IPA', 'Stone Brewing', 4.8, 65, 'http://www.stonebrewing.com/sites/default/files/beer/menu/goto_can2.png');

INSERT INTO Beer (beerName, breweryName, beerABV, beerIBU, imgURL)
VALUES ('Stone Ripper', 'Stone Brewing', 5.7, 40, 'http://www.stonebrewing.com/sites/default/files/styles/beer_menu_icon/public/beer/menu/ripper_can_0.png?itok=1SBO-7G3');

INSERT INTO Beer (beerName, breweryName, beerABV, beerIBU, imgURL)
VALUES ('Devastatingly Dank: Enjoy By 04.20.17 IPA', 'Stone Brewing', 9.4, 90, 'http://www.stonebrewing.com/sites/default/files/042017_6pack_web.png');

INSERT INTO Beer (beerName, breweryName, beerABV, beerIBU, imgURL)
VALUES ('Give Me IPA or Give Me Death', 'Stone Brewing', 8.0, 75, 'http://www.stonebrewing.com/sites/default/files/beer/menu/gmi_bottle_0.png');

INSERT INTO Beer (beerName, breweryName, beerABV, beerIBU, imgURL)
VALUES ('Stone Pataskala Red IPA', 'Stone Brewing', 7.3, 75, 'http://www.stonebrewing.com/sites/default/files/beer/menu/2017_pataskala_bottle.png');

INSERT INTO Beer (beerName, breweryName, beerABV, beerIBU, imgURL)
VALUES ('Stone Jindia Pale Ale', 'Stone Brewing', 8.7, 70, 'http://www.stonebrewing.com/sites/default/files/beer/menu/2017_jindia_bottle_0.png');

INSERT INTO Beer (beerName, breweryName, beerABV, beerIBU, imgURL)
VALUES ('Saison Du Buff', 'Stone Brewing', 9.3, 41, 'http://www.stonebrewing.com/sites/default/files/beer/menu/2017_sdb_bottle.png');

INSERT INTO Beer (beerName, breweryName, beerABV, beerIBU, imgURL)
VALUES ('Marble / Odell / Stone Megawheat Double IPA', 'Stone Brewing', 8.4, 70, 'http://www.stonebrewing.com/sites/default/files/beer/menu/megawheat_bottle_0.png');

/* Lagunitas Brewing Company */

INSERT INTO Beer (beerName, breweryName, beerABV, beerIBU, imgURL)
VALUES ('IPA', 'Lagunitas Brewing Company', 6.2, 52, 'https://lagunitas.com/u/img/beer-images/ipa/IPA-Lagunitas-12oz-Bottle.png');

INSERT INTO Beer (beerName, breweryName, beerABV, beerIBU, imgURL)
VALUES ('A Little Sumpin Sumpin', 'Lagunitas Brewing Company', 7.5, 65, 'https://lagunitas.com/u/img/beer-images/little-sumpin-sumpin/Little-Sumpin-Sumpin-Lagunitas-12oz-Bottle.png');

INSERT INTO Beer (beerName, breweryName, beerABV, beerIBU, imgURL)
VALUES ('Pils', 'Lagunitas Brewing Company', 6.0, 35, 'https://lagunitas.com/u/img/beer-images/pils/PILS-Lagunitas-12oz-Bottle.png');

INSERT INTO Beer (beerName, breweryName, beerABV, beerIBU, imgURL)
VALUES ('Dogtown Pale', 'Lagunitas Brewing Company', 6.2, 62, 'https://lagunitas.com/u/img/beer-images/dogtown-pale/Pale-Lagunitas-12oz-Bottle.png');

INSERT INTO Beer (beerName, breweryName, beerABV, beerIBU, imgURL)
VALUES ('Aunt Sally', 'Lagunitas Brewing Company', 5.7, 33, 'https://lagunitas.com/u/img/beer-images/aunt-sally/Aunt-Sally-Lagunitas-12oz-Bottle.png');

INSERT INTO Beer (beerName, breweryName, beerABV, beerIBU, imgURL)
VALUES ('DayTime', 'Lagunitas Brewing Company', 4.7, 54, 'https://lagunitas.com/u/img/beer-images/daytime/Daytime-Lagunitas-12oz-Bottle.png');

INSERT INTO Beer (beerName, breweryName, beerABV, beerIBU, imgURL)
VALUES ('Sucks', 'Lagunitas Brewing Company', 8.0, 63, 'https://lagunitas.com/u/img/beer-images/sucks/Lagunitas-Sucks-Bottle.png');

INSERT INTO Beer (beerName, breweryName, beerABV, beerIBU, imgURL)
VALUES ('Maximus', 'Lagunitas Brewing Company', 8.2, 59, 'https://lagunitas.com/u/img/beer-images/maximus/Maximus-Lagunitas-12oz-Bottle.png');

INSERT INTO Beer (beerName, breweryName, beerABV, beerIBU, imgURL)
VALUES ('Censored', 'Lagunitas Brewing Company', 6.7, 39, 'https://lagunitas.com/u/img/beer-images/censored/Censored-Lagunitas-12oz-Bottle.png');

INSERT INTO Beer (beerName, breweryName, beerABV, beerIBU, imgURL)
VALUES ('Hop Stoopid', 'Lagunitas Brewing Company', 8.0, 102, 'https://lagunitas.com/u/img/beer-images/hopstoopid/Hop-Stoopid-12oz.png');

INSERT INTO Beer (beerName, breweryName, beerABV, beerIBU, imgURL)
VALUES ('Imperial Stout', 'Lagunitas Brewing Company', 9.9, 45, 'https://lagunitas.com/u/img/beer-images/imperial-stout/Imperial-Stout-Lagunitas-22oz-Bottle.png');

INSERT INTO Beer (beerName, breweryName, beerABV, beerIBU, imgURL)
VALUES ('The Down Low', 'Lagunitas Brewing Company', 3.9, 42, 'https://lagunitas.com/u/img/beer-images/downlow/DownLow_Web.png');

/* Saint Archer Brewing Company */

INSERT INTO Beer (beerName, breweryName, beerABV, beerIBU, imgURL)
VALUES ('Blonde Ale', 'Saint Archer Brewing Company', 4.8, 22, 'https://cdn.shopify.com/s/files/1/0217/6018/t/3/assets/blonde-home.jpg?5337249804376137914');

INSERT INTO Beer (beerName, breweryName, beerABV, beerIBU, imgURL)
VALUES ('White Ale', 'Saint Archer Brewing Company', 5.0, 12, 'https://cdn.shopify.com/s/files/1/0217/6018/t/3/assets/white-home.jpg?5337249804376137914');

INSERT INTO Beer (beerName, breweryName, beerABV, beerIBU, imgURL)
VALUES ('Pale Ale', 'Saint Archer Brewing Company', 5.5, 40, 'https://cdn.shopify.com/s/files/1/0217/6018/t/3/assets/pale-home.jpg?5337249804376137914');

INSERT INTO Beer (beerName, breweryName, beerABV, beerIBU, imgURL)
VALUES ('IPA', 'Saint Archer Brewing Company', 7.0, 66, 'https://cdn.shopify.com/s/files/1/0217/6018/t/3/assets/ipa-home.jpg?5337249804376137914');

INSERT INTO Beer (beerName, breweryName, beerABV, beerIBU, imgURL)
VALUES ('Double IPA', 'Saint Archer Brewing Company', 8.3, 90, 'https://cdn.shopify.com/s/files/1/0217/6018/t/3/assets/double-home.jpg?5337249804376137914');

INSERT INTO Beer (beerName, breweryName, beerABV, beerIBU, imgURL)
VALUES ('Hoppy Pilsner', 'Saint Archer Brewing Company', 5.1, 40, 'https://cdn.shopify.com/s/files/1/0217/6018/t/3/assets/HoppyPilsner-home.jpg?5337249804376137914');

/* Tecate */

INSERT
INTO Beer (beerName, breweryName, beerABV, beerIBU, imgURL)
VALUES ('Tecate', 'Tecate', 4, 0, null);

/* ~~~~~~~~~~~~~~~~ Bar ~~~~~~~~~~~~~~~~ */

insert into Bar (barName, barLocation)
VALUES ('Milestone Tavern', 'Foothill Blvd');

insert into Bar (barName, barLocation)
VALUES ('Frog & Peach Pub', 'Higuera St');

insert into Bar (barName, barLocation)
VALUES ('McCarthys Irish Pub', 'Marsh St');

insert into Bar (barName, barLocation)
VALUES ('Black Sheep Bar & Grill', 'Chorro St');

insert into Bar (barName, barLocation)
VALUES ('Bulls Tavern', 'Chorro St');

insert into Bar (barName, barLocation)
VALUES ('Mothers Tavern', 'Higuera St');

insert into Bar (barName, barLocation)
VALUES ('The Library Bar and Lounge', 'Higuera St');

insert into Bar (barName, barLocation)
values ('Luis Wine Bar', 'Higuera St');

/* ~~~~~~~~~~~~~~~~ BeerBuzz ~~~~~~~~~~~~~~~~ */

INSERT
INTO BeerBuzz (beerID, rating)
VALUES (17, );

INSERT
INTO BeerBuzz (beerID, rating)
VALUES (18, );

INSERT
INTO BeerBuzz (beerID, rating)
VALUES (19, );

INSERT
INTO BeerBuzz (beerID, rating)
VALUES (, );

INSERT
INTO BeerBuzz (beerID, rating)
VALUES (, );

INSERT
INTO BeerBuzz (beerID, rating)
VALUES (, );

INSERT
INTO BeerBuzz (beerID, rating)
VALUES (, );

INSERT
INTO BeerBuzz (beerID, rating)
VALUES (, );

INSERT
INTO BeerBuzz (beerID, rating)
VALUES (, );

INSERT
INTO BeerBuzz (beerID, rating)
VALUES (, );

INSERT
INTO BeerBuzz (beerID, rating)
VALUES (, );

INSERT
INTO BeerBuzz (beerID, rating)
VALUES (, );

INSERT
INTO BeerBuzz (beerID, rating)
VALUES (, );

INSERT
INTO BeerBuzz (beerID, rating)
VALUES (, );

/* ~~~~~~~~~~~~~~~~ Inventory ~~~~~~~~~~~~~~~~ */

insert INTO Inventory (barID, beerID)
values (1, 30);

insert INTO Inventory (barID, beerID)
values (1, 40);

insert INTO Inventory (barID, beerID)
values (1, 50);

insert INTO Inventory (barID, beerID)
values (1, 60);

insert INTO Inventory (barID, beerID)
values (1, 70);

insert INTO Inventory (barID, beerID)
values (1, 80);

insert INTO Inventory (barID, beerID)
values (3, 31);

insert INTO Inventory (barID, beerID)
values (3, 41);

insert INTO Inventory (barID, beerID)
values (3, 51);

insert INTO Inventory (barID, beerID)
values (3, 61);

insert INTO Inventory (barID, beerID)
values (3, 71);

insert INTO Inventory (barID, beerID)
values (4, 81);

insert INTO Inventory (barID, beerID)
values (4, 91);

insert INTO Inventory (barID, beerID)
values (4, 101);

insert INTO Inventory (barID, beerID)
values (4, 32);

insert INTO Inventory (barID, beerID)
values (5, 42);

insert INTO Inventory (barID, beerID)
values (5, 52);

insert INTO Inventory (barID, beerID)
values (5, 62);

insert INTO Inventory (barID, beerID)
values (5, 72);

insert INTO Inventory (barID, beerID)
values (5, 82);

insert INTO Inventory (barID, beerID)
values (6, 92);

insert INTO Inventory (barID, beerID)
values (6, 102);

insert INTO Inventory (barID, beerID)
values (6, 33);

insert INTO Inventory (barID, beerID)
values (6, 43);

insert INTO Inventory (barID, beerID)
values (7, 53);

insert INTO Inventory (barID, beerID)
values (7, 63);

insert INTO Inventory (barID, beerID)
values (7, 73);

insert INTO Inventory (barID, beerID)
values (7, 83);

insert INTO Inventory (barID, beerID)
values (8, 93);

insert INTO Inventory (barID, beerID)
values (8, 103);

insert INTO Inventory (barID, beerID)
values (8, 34);

insert INTO Inventory (barID, beerID)
values (9, 44);

insert INTO Inventory (barID, beerID)
values (9, 54);

insert INTO Inventory (barID, beerID)
values (9, 64);

insert INTO Inventory (barID, beerID)
values (9, 74);
